,ID,title,description,Verified,subcount,viewcount,channel_name,date_uploaded,comments,likes,dislikes,upvotes,rank,timestamp
0,VFK2DoDaAU,Fredo - Money Talks Ft. Dave (Official Video),Stream ‚ÄòMoney Talks‚Äô ,True,195000.0,705547.0,FREDOPG,Premiered on 28 Jan 2021,,66499,426,0,1,Fri Jan 29 19:47:52 2021 to Fri Jan 29 21:15:34 2021
1,OwF7mWqoQg0,Alexander-Arnold stars as Reds shock Spurs | Tottenham 1-3 Liverpool | Premier League Highlights,SUBSCRIBE ‚ñ∫ ,True,2700000.0,1119329.0,Sky Sports Football,Premiered 21 hours ago,,18503,506,0,2,Fri Jan 29 19:47:52 2021 to Fri Jan 29 21:15:34 2021
2,ZynBkp-4GQ8,If Everything Was Like Among Us 6,"Among us in real life guys. Guess who the imposter is and let us know if you guessed correctly. This is a part 6 to our If Everything Was Like Among Us vid. Which person do you relate to the most? 

Thank you to the Portland Spirit for letting us film on their ship! ",False,1550000.0,3865792.0,Shiloh & Bros,Premiered on 28 Jan 2021,,105151,5025,9474.0,3,Fri Jan 29 19:47:52 2021 to Fri Jan 29 21:15:34 2021
3,2Mi5b4GgWN,Fredo - Burner On Deck Ft. Pop Smoke & Young Adz (audio),"'Burner On Deck‚Äô is from the new album ‚ÄòMoney Can‚Äôt Buy Happiness,‚Äô out now.
Buy, download or stream here:  ",True,195000.0,313782.0,FREDOPG,29 Jan 2021,,25054,218,0,4,Fri Jan 29 19:47:52 2021 to Fri Jan 29 21:15:34 2021
4,A5cZJF7sW1A,M1LLIONZ - BADNIS,"THE INTRO TO M1LLIONZ UPCOMING EP... 
STREAM/DOWNLOAD: ",True,38900.0,206866.0,M1LLIONZ MUSIC,Premiered 23 hours ago,,19731,110,5014.0,5,Fri Jan 29 19:47:52 2021 to Fri Jan 29 21:15:34 2021
5,I5RhX06NYvQ,"Minecraft, But If You Laugh You Lose...","Minecraft, But If You Laugh You Lose... This video is hilarious!
My friends have to do whatever they can to make me laugh. If they can make me laugh 3 times, they win. If I beat the game before they make me laugh 3 times, I win!

This was absolutely the funniest video ever.

Follow my socials ‚Üì‚Üì‚Üì
Twitter/Instagram: @GeorgeNotFound

Merch: ",True,5600000.0,5808122.0,GeorgeNotFound,28 Jan 2021,,468168,9498,0,6,Fri Jan 29 19:47:52 2021 to Fri Jan 29 21:15:34 2021
6,Bpz-vM7UW9U,Among Us In Real Life COUPLES CHALLENGE with Piper Rockelle's Squad,"Playing Among Us in Real Life Couples Challenge with Piper Rockelle's squad! We've added a twist- each task has to end with a photo before the crew members can win! If we get 200K likes, Part 3 will be in a CRAZY location (watch until the end)!

SUBSCRIBE for a chance to WIN cash, Apple Airpods Pro, merch, 30 minute zoom, a photo shoot and other fun stuff! HELP ME get to 10M by the end of the year! ",True,6010000.0,1628968.0,Jordan Matter,Premiered on 28 Jan 2021,,101277,1908,0,7,Fri Jan 29 19:47:52 2021 to Fri Jan 29 21:15:34 2021
7,6-AJrnGx5DQ,my mom told me to go play outside.. So I Made My DREAM TREEHOUSE GAMING SETUP!!,"My mom told me to go play outside.. so I built my dream Fortnite Tree house gaming setup. This setup is so good for Twitch streamers because it is a breeze of fresh air. We made this setup at the gaming FaZe House in Los Angeles and it costs over $10,000. It has a new keyboard, mouse, monitor, desktop, leds, food, candy, drinks and more! If you are a gamer you will love this big boy. Epic games unban me ",True,4270000.0,1561305.0,FaZe Jarvis,28 Jan 2021,,80267,1408,9080.0,8,Fri Jan 29 19:47:52 2021 to Fri Jan 29 21:15:34 2021
8,0VHkFJ8nqP,PE With Joe 2021 | Friday 29th Jan,PE With Joe 2021 | Friday 29th Jan,False,2710000.0,172102.0,The Body Coach TV,Streamed live 10 hours ago,,8742,182,169.0,9,Fri Jan 29 19:47:52 2021 to Fri Jan 29 21:15:34 2021
9,n1zB0KS6lNQ,lazarbeam cuts his mullet,"today is a sad day :(

üëïLAZAR Merch - ",False,2350000.0,1241308.0,LazarLazar,28 Jan 2021,,129097,769,0,10,Fri Jan 29 19:47:52 2021 to Fri Jan 29 21:15:34 2021
10,XxZeODovRUA,TRANSFER PLANS & MATIP INJURY LATEST | Jurgen Klopp Press Conference | Tottenham 1-3 Liverpool,"Jurgen Klopp's post-match press conference following Tottenham Hotspur 1-3 Liverpool in the Premier League.

Klopp was thrilled after his Liverpool side ended their five-match Premier League winless run in style but there was a downside as he revealed the seriousness of Joel Matip's injury before speaking about the club's plans in the transfer market ahead of Monday's deadline.

Produced by Kai Delaney",True,115000.0,95620.0,Blood Red: Liverpool FC,28 Jan 2021,,1019,20,0,11,Fri Jan 29 19:47:52 2021 to Fri Jan 29 21:15:34 2021
11,n5kVZlnHZ3,SCRUB: Starship SN9 Flight Test Attempt Scrubbed,"SpaceX is set to launch the Starship SN9 prototype to an altitude of approximately 10 kilometers. A launch attempt is possible between 9 am and 6 pm Central time on Thursday. However, as with testing, there is always a chance that teams could decide to stand down and try again on a different day.

Updates: ",True,262000.0,2154070.0,NASASpaceflight,Streamed live on 28 Jan 2021,,33076,861,209.0,12,Fri Jan 29 19:47:52 2021 to Fri Jan 29 21:15:34 2021
12,4Ym2F-tHdkk,Danny MacAskill - The Slabs,Subscribe for more: ,True,362000.0,796037.0,Danny MacAskill,28 Jan 2021,,40853,283,5962.0,13,Fri Jan 29 19:47:52 2021 to Fri Jan 29 21:15:34 2021
13,fsZl6uqymEY,KATIE PRICE: SURPRISE FOR HARVEY!! (ADORABLE!),"Hi guys!

In today's video,  Harvey and I wanted to say a massive THANK YOU for all the amazing support!! Honestly, I cannot thank each and everyone enough for all the beautiful messages and kind wordsüíï THANK YOU!!! Also, see a special surprise gifted to Harvey and his reaction!!

Make sure you LIKE and SUBSCRIBE!

Brand Enquiries - contact@proseeders.com

SUBSCRIBE FOR MORE GREAT KATIE PRICE CONTENT! ",True,265000.0,153515.0,Katie Price,28 Jan 2021,,12111,88,1915.0,14,Fri Jan 29 19:47:52 2021 to Fri Jan 29 21:15:34 2021
14,xdY1WUUH,"Minecraft, But You Can Mine The Entire Chunk...","Minecraft, But You Can Mine The Entire Chunk... this was interesting.

Thanks for Watching! :D I appreciate all feedback and support :L!

Edited By ‚Üí ",True,1500000.0,3982391.0,TapL,28 Jan 2021,,138395,4517,0,15,Fri Jan 29 19:47:52 2021 to Fri Jan 29 21:15:34 2021
15,CU6g41bvJjY,"IM FUMING, MISTAKE AFTER MISTAKE!!| Tottenham (1) vs Liverpool (3) EXPRESSIONS","IM FUMING, MISTAKE AFTER MISTAKE!!| Tottenham (1) vs Liverpool (3) EXPRESSIONS",True,149000.0,85363.0,Expressions Oozing,28 Jan 2021,,4607,114,0,16,Fri Jan 29 19:47:52 2021 to Fri Jan 29 21:15:34 2021
16,5WN3pkxPF0,"Selena Gomez, Rauw Alejandro - Baila Conmigo (Official Video)","Escucha ‚ÄòBaila Conmigo,‚Äô disponible ya. // Listen to ‚ÄòBaila Conmigo,‚Äô out now. ",True,28000000.0,4323524.0,Selena Gomez,Premiered 15 hours ago,,751485,7558,0,17,Fri Jan 29 19:47:52 2021 to Fri Jan 29 21:15:34 2021
17,M7LRAWO9L,HOMEMADE SCREW TANK Snow/Ice Test,"I had a Rare bit of snow come my way so I whipped out the Screw Tank to see how it copes with Icy waters and snow Heaps.....

To Order your World of invention Puzzle including the screw tank , And all the Colin Furze Merch shop here. ",True,10800000.0,739706.0,colinfurze,28 Jan 2021,,40831,533,0,18,Fri Jan 29 19:47:52 2021 to Fri Jan 29 21:15:34 2021
18,PQ1W0jwEoQ,"""KUWTK"" Final Season Begins This March on E! | E!","After 14 years, Kim, Khloe, Kourtney, Kendall, Kylie, Rob, Scott & Kris are saying goodbye to ""Keeping Up With the Kardashians."" The final season premieres Thursday, March 18, only on E!",True,1420000.0,901324.0,Keeping Up With The Kardashians,28 Jan 2021,,27140,2180,10280.0,19,Fri Jan 29 19:47:52 2021 to Fri Jan 29 21:15:34 2021
19,NW2GjLGZYfY,tommyinnit gets ambushed,"bilingual pvp

FOLLOW ME ON TWITTER ",False,755000.0,721868.0,Technothepig,29 Jan 2021,,96249,311,0,20,Fri Jan 29 19:47:52 2021 to Fri Jan 29 21:15:34 2021
20,SCrO3kS1upU,1000 Zombies vs Mutant Enderman!,"We put thousands of Minecraft mobs head-to-head with each other in this video, and the battles are unbelievable! Watch this whole video and see who would win in unthinkable battles!

SUBSCRIBE OR YOU'LL HAVE BAD LUCK

New Merch - shopmrbeast.com
Join our discord server for your chance to compete in future Minecraft challenges!",True,14000000.0,9540542.0,MrBeast Gaming,27 Jan 2021,,499371,7487,0,21,Fri Jan 29 19:47:52 2021 to Fri Jan 29 21:15:34 2021
21,6sxNWITMXs8,"Virtual Pub Quiz, Live! Thursday 28th January",Live stream from ,True,199000.0,71445.0,Jay's Virtual Pub Quiz,Streamed live on 28 Jan 2021,,238,20,0,22,Fri Jan 29 19:47:52 2021 to Fri Jan 29 21:15:34 2021
22,Rlipt5VNg,OFFLINETV TRY RADIO DJ'ing ft. PeterParkTV & Masayoshi,Go to ,True,2480000.0,822424.0,OfflineTV,28 Jan 2021,,80952,792,12024.0,23,Fri Jan 29 19:47:52 2021 to Fri Jan 29 21:15:34 2021
23,ft-48UejrxI,Lil Durk - Finesse Out The Gang Way feat. Lil Baby (Official Lyric Video),"Stream ""The Voice"" Deluxe:",True,2880000.0,464324.0,Lil Durk,Premiered 15 hours ago,,54882,328,8832.0,24,Fri Jan 29 19:47:52 2021 to Fri Jan 29 21:15:34 2021
24,-b3opvdYL4,Reddit user explains short-seller squeeze inception,Reddit user explains short-seller squeeze inception,True,514000.0,246458.0,Yahoo Finance,28 Jan 2021,,9244,152,0,25,Fri Jan 29 19:47:52 2021 to Fri Jan 29 21:15:34 2021
25,M8Kd7JH-R1E,"Fortnite Item Shop *NEW* GANGNAM STYLE EMOTE! [January 28th, 2021] (Fortnite Battle Royale)","Fortnite Item Shop right now on January 28th, 2021.
Let's see what's in the Item Shop today!

If you would like to support me with Support A Creator, be sure to use code ITF. You can use that code in the Fortnite Item Shop and the Epic Games Store! Thank you for all the support, it really means a lot to me! ",True,842000.0,353567.0,I Talk,29 Jan 2021,,15086,280,0,26,Fri Jan 29 19:47:52 2021 to Fri Jan 29 21:15:34 2021
26,Wna6FbWSCP,GOLDBRIDGE! Manchester United 1-2 Sheffield United Match Reaction,Manchester United 1-2 Sheffield United! Mark Goldbridge reacts to a big result for Solskjaer's United. Get the latest Man Utd News on The United Stand.üîî Player Ratings Vote here ,True,970000.0,374579.0,The United Stand,Streamed live on 27 Jan 2021,,10978,566,2191.0,27,Fri Jan 29 19:47:52 2021 to Fri Jan 29 21:15:34 2021
27,j70MhbycFL0,"24 Hours With Dixie D‚ÄôAmelio, From the Recording Studio to Valentino Fittings | Vogue","We follow TikTok superstar Dixie D'Amelio as she heads to the recording studio and bakes cupcakes with her boyfriend, Noah Beck. 

Director: Rom Bokobza
Editor: Robby Massey
DP: Diego Cole
Producer: Naomi Nishi
Producer: The D'Amelios: Tommy Burns

Still haven‚Äôt subscribed to Vogue on YouTube? ‚ñ∫‚ñ∫ ",True,9070000.0,876241.0,Vogue,28 Jan 2021,,38375,20524,0,28,Fri Jan 29 19:47:52 2021 to Fri Jan 29 21:15:34 2021
28,91D1H29rToQ,Davido - The Best (Official Video) ft. Mayorkun,"Davido feat. Mayorkun - The Best
New album 'A Better Time' out now: ",True,2240000.0,957799.0,Davido,Premiered on 28 Jan 2021,,71981,1111,0,29,Fri Jan 29 19:47:52 2021 to Fri Jan 29 21:15:34 2021
29,77_6-Pr4_E,SHOW ME A PICTURE OF.....already regret this!!,"SHOW ME A PICTURE OF.....already regret this!!
the trend that made its way from insta onto youtube and i'm here for it!!
Follow me!
Instagram: ",True,396000.0,318869.0,Kaci-Jay,27 Jan 2021,,18335,190,6995.0,30,Fri Jan 29 19:47:52 2021 to Fri Jan 29 21:15:34 2021
30,_-GF_uQiU,THE XXXL BELLY BUSTER KEBAB CHALLENGE | BRITAIN'S BIGGEST KEBAB 2.0 | C.O.B. Ep.184,"Legends tell of a doner kebab so big it could blot out the sun...at the right angle...

¬£20 worth of doner meat, tandoori chicken, chips and God only knows what else, inside a naan bread the size of a sleeping bag. Time to go to work!

***NEW VIDEOS EVERY THURSDAY AND SUNDAY AT 7PM GMT***

FOLLOW ME:
Facebook/Twitter/Instagram: @BeardMeatsFood

FOLLOW MRS BEARD:
Instagram: @Mrs_Beard_Eats

ALL-NEW MERCHANDISE IS CURRENTLY AVAILABLE VIA TEESPRING (USE THE MERCHANDISE SHELF ABOVE OR SEARCH 'BEARDMEATSFOOD TEESPRING').

ANSWERS TO COMMON QUESTIONS & ADDITIONAL INFO:

Q: How come you don‚Äôt get fat? 
A: I eat like this for 1 hour of a 168 hour long week. In simple terms, I eat at caloric maintenance over the course of time, meaning I don‚Äôt gain weight. If you're interested in learning more, see the ‚ÄòBut How Come You're Not Fat' and 'It Was Just A Normal Day...' videos.

Q: Don‚Äôt you worry about your health?
A: Not in particular. I‚Äôm active. I eat nutrient dense foods five days a week. And, I get quarterly bloods done, amongst other health checks.

Music credits to my man FLORIAN HAACK for the incredible video game metal covers!

SEND ME STUFF:

Beard Meats Food
PO Box 200
CASTLEFORD
WF10 9DR
United Kingdom",True,1310000.0,318634.0,BeardMeatsFood,28 Jan 2021,,12557,214,1213.0,31,Fri Jan 29 19:47:52 2021 to Fri Jan 29 21:15:34 2021
31,LCwXn2255tk,It‚Äôs MOVING DAY! Moving Vlogs Episode 4,"Business Email: anastasiakingsnorth@mcsaatchisocial.com

PODCAST: ",True,1300000.0,754123.0,Anastasia Kingsnorth,27 Jan 2021,,54388,418,18488.0,32,Fri Jan 29 19:47:52 2021 to Fri Jan 29 21:15:34 2021
32,QSaW4KB5IQk,BLACKPINK: Pretty Savage,"Late Late Show guest BLACKPINK shares a very special performance of their hit ""Pretty Savage"" -- catch BLACKPINK's ""The Show"" on their YouTube channel this Saturday.

More Late Late Show:
Subscribe: ",True,25800000.0,11510578.0,The Late Late Show with James Corden,28 Jan 2021,,1285351,19337,54309.0,33,Fri Jan 29 19:47:52 2021 to Fri Jan 29 21:15:34 2021
33,g2KWIpZW-U,Joshua Bassett - Only a Matter of Time [Official Video],"Listen to ""Only A Matter Of Time"": ",True,255000.0,705629.0,Joshua Bassett,Premiered 21 hours ago,,95803,2206,28058.0,34,Fri Jan 29 19:47:52 2021 to Fri Jan 29 21:15:34 2021
34,z-2yD2JQtQ,True OR False McDonald's Mukbang,üíª ExpressVPN: ,True,4430000.0,1027432.0,Behzinga,27 Jan 2021,,80997,571,0,35,Fri Jan 29 19:47:52 2021 to Fri Jan 29 21:15:34 2021
35,7QflhiVENLQ,I Lost My Mom.,I Lost My Mom.,True,4580000.0,633436.0,Laura Lee,28 Jan 2021,,65440,384,0,36,Fri Jan 29 19:47:52 2021 to Fri Jan 29 21:15:34 2021
36,MzjKjV6r_,If Among Us Was a Family,"300,000 Likes and I‚Äôll Drop my Next Video Early!
Thanks for Watching! Like, Subscribe and Comment! 
1M Likes and I‚Äôll respond to every comment up until the 1M mark

2090 Merch:  ",True,4470000.0,409255.0,Kyle Exum,28 Jan 2021,,70173,384,7730.0,37,Fri Jan 29 19:47:52 2021 to Fri Jan 29 21:15:34 2021
37,ragWX9D2aj,Top 10 Biggest Houses In The World,What do you want us to react to? Use this form - ,True,2540000.0,1479866.0,SidemenReacts,28 Jan 2021,,95281,552,13946.0,38,Fri Jan 29 19:47:52 2021 to Fri Jan 29 21:15:34 2021
38,W5-yezpcZNU,Miley Cyrus: Tiny Desk (Home) Concert,Miley Cyrus: Tiny Desk (Home) Concert,True,5310000.0,858808.0,NPR Music,Premiered on 28 Jan 2021,,44379,1469,0,39,Fri Jan 29 19:47:52 2021 to Fri Jan 29 21:15:34 2021
39,Txp9iWRNsQ,Show Me Your Talent = Win FREE Stuff,"Are Callux subscribers talented or not?
Dell XPS 13 - ",True,3740000.0,393817.0,Callux,27 Jan 2021,,33042,404,0,40,Fri Jan 29 19:47:52 2021 to Fri Jan 29 21:15:34 2021
40,lMwcLRehyUI,I Don't Know,I Don't Know,True,2540000.0,447511.0,Ryan Reynolds,28 Jan 2021,,48689,359,0,41,Fri Jan 29 19:47:52 2021 to Fri Jan 29 21:15:34 2021
41,qcja8SV_JQ,Pogba Romano Update! Lingard Leaves! Man Utd Transfer News,The United Stand are on Flick - join our group ,True,970000.0,136242.0,The United Stand,Streamed live 10 hours ago,,4944,158,755.0,42,Fri Jan 29 19:47:52 2021 to Fri Jan 29 21:15:34 2021
42,f52y9Ma9d4k,Lil Bibby on How He Strong-Armed Vlad to be On-Camera for This Interview (Part 1),Part 2: ,True,4390000.0,502171.0,djvlad,28 Jan 2021,,15210,255,7832.0,43,Fri Jan 29 19:47:52 2021 to Fri Jan 29 21:15:34 2021
43,Z1SuxJx-aI,"A Day At the Drive 2021- Night Session - Nadal, Barty, S Williams, Osaka and more!","The one-off event will be held at the Memorial Drive Tennis Centre in Adelaide on Friday 29 January in support of the Australian Tennis Foundation.
 
The day session will feature Novak Djokovic (SRB), Jannik Sinner (ITA), Serena Williams (USA) and Naomi Osaka (JPN), with Rafael Nadal (ESP), Dominic Thiem (AUT), Ash Barty (AUS) and Simona Halep (ROU) to headline the evening session. Matches will consist of two tiebreak sets with a match tiebreak at one set all.
 
Part proceeds of ticket sales will be donated to the Australian Tennis Foundation to aid South Australia‚Äôs most disadvantaged communities.




Subscribe to keep up with the latest Australian Open news: ",True,497000.0,133242.0,Australian Open TV,Streamed live 12 hours ago,,2329,48,0,44,Fri Jan 29 19:47:52 2021 to Fri Jan 29 21:15:34 2021
44,FjlGuhbJo34,THE NIGHT SHIFT: our strange aspen threeway,Go to ,False,2300000.0,1470574.0,Mike Majlak Vlogs,27 Jan 2021,,93874,1251,0,45,Fri Jan 29 19:47:52 2021 to Fri Jan 29 21:15:34 2021
45,k9SQ2xfHEiM,Royal Blood - Typhoons (Official Video),"The official video for Royal Blood -  Typhoons

Pre-order our new album 'Typhoons' here: royalblood.me/typhoons
Coming out 30th April!

Production : La Pac
Commissioner: Jennifer Ivory & Dom Mckiernan
Director: Quentin Deronzier
Producer: Anna Roudaut
Post Producer: Fran√ßoise Hernandez
Editor: Hugo Beron
Colorist: Thomas Canu
Assistant editor/colorist: Emilien Denis
3D Supervisor: Julien Missaire
3D Artist: Vitaliy Havrylyuk
3D Artist: Petr Shkolnyi
Flame Artist: Anthony Lestremau
Flame Artist: Alexi Bailla
Directors Representation: OB Management

Subscribe to the Royal Blood channel for all the best and latest official music videos, behind the scenes and live performances. ",True,460000.0,150095.0,Royal Blood,Premiered on 28 Jan 2021,,19228,139,2093.0,46,Fri Jan 29 19:47:52 2021 to Fri Jan 29 21:15:34 2021
46,q_Jm-bFeEY0,Martin Odegaard's first day | Behind the scenes at Arsenal training centre,"Go behind the scenes at London Colney, where new loan signing Martin Odegaard trains with the likes of Dani Ceballos and Kieran Tierney. ",True,2210000.0,779040.0,Arsenal,Premiered on 27 Jan 2021,,21205,258,0,47,Fri Jan 29 19:47:52 2021 to Fri Jan 29 21:15:34 2021
47,ZoPEaBAe0CY,The Internet vs. Wall Street: GameStop short squeeze explained üöÄ,"How is GameStop's skyrocketing stock and a subreddit connected? Jeff Bakalar talks with CBS News' Business Analyst Jill Schlesinger about how the internet took on Wall Street and why none of this is about videogames at all.

Subscribe to CNET: ",True,2950000.0,357030.0,CNET,28 Jan 2021,,7912,631,13696.0,48,Fri Jan 29 19:47:52 2021 to Fri Jan 29 21:15:34 2021
48,_jnLIq-Wu_,Extended Clip | Marvel Studios' WandaVision | Disney+,"Everything is about to change. Experience a new episode of Marvel Studios' ""WandaVision"" tomorrow on Disney+.

‚ñ∫ Subscribe to Marvel: ",True,14800000.0,1262585.0,Marvel Entertainment,28 Jan 2021,,59040,566,17461.0,49,Fri Jan 29 19:47:52 2021 to Fri Jan 29 21:15:34 2021
49,Gog2TKtBmQE,"Welcome to The Arsenal, Martin Odegaard | First Interview","Norwegian international Martin Odegaard is joining us from Real Madrid on loan for the remainder of the season.

Technical director Edu said: ‚ÄúWe are delighted to welcome Martin to the club until the end of the season. I would like to thank everyone at Real Madrid and Martin‚Äôs representatives for their collaboration in making this loan move happen. Martin is an exceptional talent and we are strengthening our squad by introducing an exciting offensive player to the club for the remaining months of this season.‚Äù 

Mikel Arteta said: ‚ÄúIt‚Äôs great that we‚Äôve secured Martin to come to us until the end of the season. Martin is of course a player that we all know very well and although still young, he has been playing at the top level for a while. Martin will provide us with quality offensive options and we‚Äôre all excited to be integrating him into our plans between now and May.‚Äù

'It seems like a great project and a great club!'

The attacking midfielder started his career in Norway with Stromsgodset, where he made his debut as a 15-year-old in April 2014, becoming the youngest-ever player to feature in the top division. After featuring regularly in the Stromsgodset team in his first season, Odegaard was signed by Real Madrid in January 2015 and subsequently became their youngest player in May 2015. 

In the three seasons from 2017/18, Martin spent loan spells with Heerenveen and Vitesse Arnhem in the Netherlands and then last season back in Spain with Real Sociedad, where he helped the club reach the final of the Copa Del Rey and also qualify for the Europa League.

The 22-year-old has also made 25 appearances for Norway, making his debut in August 2014 when he became the youngest debutant for his country‚Äôs senior national team at the age of just 15 years and 253 days. 

Martin will wear the number 11 shirt.

Everyone at Arsenal welcomes Martin to the club.

The loan agreement is subject to the completion of legal and regulatory processes.",True,2210000.0,772071.0,Arsenal,27 Jan 2021,,29704,371,0,50,Fri Jan 29 19:47:52 2021 to Fri Jan 29 21:15:34 2021
50,C680oxL__ck,"I Ate $100,000 Golden Ice Cream","I cant believe how insane that ice cream looked at the end
New Merch - ",True,52300000.0,32637863.0,MrBeast,22 Jan 2021,,2153223,27121,316361.0,51,Fri Jan 29 19:47:52 2021 to Fri Jan 29 21:15:34 2021
51,dM92ap8_c0,Godzilla vs. Kong ‚Äì Official Trailer,"In theaters and streaming exclusively on @HBOMax* March 26.
 
*Available on @HBOMax in the US only, for 31 days, at no extra cost to subscribers.",True,9360000.0,42455381.0,Warner Bros. Pictures,24 Jan 2021,,1443557,31702,128832.0,52,Fri Jan 29 19:47:52 2021 to Fri Jan 29 21:15:34 2021
52,6am8HtXsrH,Fredo - Back To Basics (Official Video),"'Back To Basics‚Äô is from the forthcoming album ‚ÄòMoney Can‚Äôt Buy Happiness,‚Äô out January 2021. Pre-order here: ",True,195000.0,1929920.0,FREDOPG,21 Jan 2021,,51300,1071,0,53,Fri Jan 29 19:47:52 2021 to Fri Jan 29 21:15:34 2021
53,YrA6vxSJer,M Huncho - Overpriced (Freestyle),M Huncho - Overpriced (Freestyle),True,185000.0,1373124.0,M Huncho TV,24 Jan 2021,,43757,739,0,54,Fri Jan 29 19:47:52 2021 to Fri Jan 29 21:15:34 2021
54,OchWt4TBhL,SIDEMEN HIDE AND SEEK IN A CASTLE,üëâüèª Subscribe to our 2nd Channel: ,True,10600000.0,5396417.0,Sidemen,24 Jan 2021,,344211,3813,20340.0,55,Fri Jan 29 19:47:52 2021 to Fri Jan 29 21:15:34 2021
55,GKiwbv0ya9E,Manchester United v Liverpool | Key Moments | Fourth Round | Emirates FA Cup 2020-21,"Manchester United and Liverpool came head-to-head in an exhilarating fourth round tie in the Emirates FA Cup.

Follow @EmiratesFACup on Twitter for in-game highlights and match updates!",True,1090000.0,6758320.0,The Emirates FA Cup,24 Jan 2021,,81573,3502,0,56,Fri Jan 29 19:47:52 2021 to Fri Jan 29 21:15:34 2021
56,VkhsFGswWNA,My Message To Conor McGregor.,"You should've taken the $50,000,000... 
Watch me fight on ",True,20300000.0,3749208.0,Jake Paul,24 Jan 2021,,86304,108843,70804.0,57,Fri Jan 29 19:47:52 2021 to Fri Jan 29 21:15:34 2021
57,2ahDgvHS4,Conor McGregor on UFC 257 loss: ‚ÄúFair f***ing play to Dustin Poirier ‚Ä¶ It‚Äôs a b*****d of a game‚Äù,VISIT: ,True,1030000.0,3444145.0,TheMacLife,24 Jan 2021,,45528,1390,18743.0,58,Fri Jan 29 19:47:52 2021 to Fri Jan 29 21:15:34 2021
58,0NqBmCcI1sM,Tommy Makes Rust 1000% Funnier,"This video is sponsored by Dell. 
Find out more about the new XPS laptop range here: ",False,3680000.0,2297630.0,Wilbur Soot,26 Jan 2021,,189857,1515,0,59,Fri Jan 29 19:47:52 2021 to Fri Jan 29 21:15:34 2021
59,q1aelPRtZVE,"SIDEMEN 100,000 CALORIE BATTLE - THE REMATCH!","Sidemen Calorie Battle 2 - the teams are switched!
The last Calorie Battle: ",True,10600000.0,8221298.0,Sidemen,17 Jan 2021,,386484,3638,67138.0,60,Fri Jan 29 19:47:52 2021 to Fri Jan 29 21:15:34 2021
60,EsVPUpDyG,Game Night Stereotypes,"Love 'em or Hate 'em, we all know 'em! Check out all the game night stereotypes!
‚ñ∫ Thanks for subscribing! - ",True,55000000.0,11478402.0,Dude Perfect,25 Jan 2021,,435649,8037,16658.0,61,Fri Jan 29 19:47:52 2021 to Fri Jan 29 21:15:34 2021
61,kzYD3NcfT84,lazarbeam vs nephew,"uncle lenny goes up against nephew bodhi in fortnite challenges

üëïLAZAR Merch - ",False,2350000.0,3438154.0,LazarLazar,26 Jan 2021,,156131,1890,0,62,Fri Jan 29 19:47:52 2021 to Fri Jan 29 21:15:34 2021
62,4XVAPeZxk,CJ - BOP [Official Music Video],"Watch The Official Music Video For Bop By CJ

Prod. By An 
Directed By Alex & Tristan Demic 

Available On All Streaming Platforms:",True,508000.0,4332404.0,Real CJ,26 Jan 2021,,265275,7294,0,63,Fri Jan 29 19:47:52 2021 to Fri Jan 29 21:15:34 2021
63,P2LDd9SeII,Forced Off YouTube - Full FBI Story,"Over the last year we have been forced off of YouTube. This video will help explain why we left. Thank you for your support.
Subscribe: ",True,15500000.0,5057961.0,Roman Atwood Vlogs,23 Jan 2021,,422123,7245,57847.0,64,Fri Jan 29 19:47:52 2021 to Fri Jan 29 21:15:34 2021
64,6hFrqovA-VU,K Koke - Daily Duppy | GRM Daily,üö® SUBSCRIBE: ,True,3610000.0,1346937.0,GRM Daily,Premiered on 17 Jan 2021,,40456,741,8504.0,65,Fri Jan 29 19:47:52 2021 to Fri Jan 29 21:15:34 2021
65,qjQjxpnwVZ,Anne-Marie x KSI x Digital Farm Animals - Don‚Äôt Play [Official Music Video],"Anne-Marie x KSI x Digital Farm Animals - Don‚Äôt Play [Official Music Video]
Stream ‚ÄúDon‚Äôt Play‚Äù here: ",True,22400000.0,9365538.0,KSI,Premiered on 15 Jan 2021,,630463,8848,0,66,Fri Jan 29 19:47:52 2021 to Fri Jan 29 21:15:34 2021
66,zfgnFGMvFBI,Will And James Watch Hell's Kitchen,"will and jim watch hell's kitchen and kitchen nightmares 

James: ",True,4350000.0,1594741.0,WillNE,18 Jan 2021,,134277,1091,0,67,Fri Jan 29 19:47:52 2021 to Fri Jan 29 21:15:34 2021
67,jfobiCq0YU,Eminem - Higher (Official Video) Explicit,"Eminem - Higher (Official Music Video)

Eminem‚Äôs new album MUSIC TO BE MURDERED BY - SIDE B (DELUXE EDITION) ",True,46200000.0,10130919.0,EminemMusic,23 Jan 2021,,838021,9614,77108.0,68,Fri Jan 29 19:47:52 2021 to Fri Jan 29 21:15:34 2021
68,JHqY1Otw_Q,CONOR MCGREGOR KNOCKED OUT! - Live Reaction #UFC257,"Dustin Poirier knocked out Conor McGregor at UFC 257. True Geordie reacts live to the fight. 

üìß Business Email : info@truegeordie.com

üíÄ TG : ",False,355000.0,603101.0,TG2,24 Jan 2021,,14378,3010,0,69,Fri Jan 29 19:47:52 2021 to Fri Jan 29 21:15:34 2021
69,nizgJtBvq8,AMONG US with THANOS,"i added thanos to among us very cool

mod maker - ",True,17800000.0,5004596.0,LazarBeam,21 Jan 2021,,232778,4527,0,70,Fri Jan 29 19:47:52 2021 to Fri Jan 29 21:15:34 2021
70,D1XVKgvkb5,Russ Millions x Buni - Plugged In W/Fumez The Engineer | Pressplay,"PRESSPLAY

Out on all streaming platforms and 14/01 be first to stream

Powered By Amuse
Beat Composer - Gotcha (1st beat) Draco (2nd beat)
Production Manager - MichieTaylorss

Sponsored by Hoodrich - ",True,688000.0,2211899.0,Pressplay Media,Premiered on 13 Jan 2021,,69353,1092,17243.0,71,Fri Jan 29 19:47:52 2021 to Fri Jan 29 21:15:34 2021
71,998HHldcVA,Scoring 1 UNBELIEVABLE Goal on Every Fifa from 98-21,Full goals compilation: ,True,5130000.0,1267637.0,ChrisMD,20 Jan 2021,,53751,786,12017.0,72,Fri Jan 29 19:47:52 2021 to Fri Jan 29 21:15:34 2021
72,LGkUW5cUPz8,ROS√â - COMING SOON TEASER,"Get a first preview of ROS√â‚Äôs solo project at 2021 BLACKPINK: THE SHOW! üñ§üíñ

Don‚Äôt forget to join membership and watch the livestream concert on JAN 31 SUN 2PM (KST), only on BLACKPINK YouTube channel!

Buy Access @ ",True,56500000.0,27990870.0,BLACKPINK,25 Jan 2021,,3259643,38045,55557.0,73,Fri Jan 29 19:47:52 2021 to Fri Jan 29 21:15:34 2021
73,Z-xDoDSDM2Y,Apex Legends Season 8 ‚Äì Mayhem Gameplay Trailer,Bring the boom in Apex Legends Season 8 with new Legend Fuse.  ,True,1950000.0,4238408.0,Apex Legends,Premiered on 26 Jan 2021,,220046,3065,0,74,Fri Jan 29 19:47:52 2021 to Fri Jan 29 21:15:34 2021
74,_u-vCJAoQq8,Thrift Store Makeover #9,"Hey guys! Today is another pisode from my series Thrift Store Makeovers, where I take a used, worn out item (OR sometimes from yard sales or  off of ebay) clean it up, fix it up and decorate it. I love hunting through thrift stores to find old, rejected items and then decorating them and putting my own style on them to turn them into new pieces of art. I've definitely missed these thrift flips and I want to do more thrifting soon!

In this episode I am going to be painting on and customizing a mini bubble gum machine. I had so much fun with this and I think it was a really cool and unique item to customize. Hope you like it!




___________WELCOME TO MY CHANNEL__________

Hey! my name is Moriah (pronounced muh-rye-yuh üòÇ ) and this is my channel....obviously. I'm 25 and like doing anything creative...and being snarky.....just a lil. I make a lot of decorating, painting and general art videos here. I'm obsessed with editing and adding lil bits to my videos, so if that's not your thing....oof you may hate this haha. I paint on squishies, thrift store finds, and other random things I pick up. I also love to draw, but don't expect anything too skilled, I'm not the best at that haha. You will also find occasional crafting/testing crafting kits on my channel which are always a hot mess. And even some baking (REALLY bad at that, but it's fun to try LOL). 

CURRENT SERIES:
Squishy Makeovers: Fixing and decorating used squishies sent from my viewers
Thrift Store Makeovers: Fixing and decorating stuff I find at thrift stores/yard sales
Bake With ME: Recreating squishies I've decorated in real life
Create This Book: Drawing in the prompt book that I wrote (available to purchase and follow along)
Squishy Unboxing: Opening used squishy packages sent from viewers
Craft Kit Testing: pretty self explanatory. testing craft kits.

Find Products I Use (contains affiliate links):",True,6010000.0,3260683.0,Moriah Elizabeth,22 Jan 2021,,172839,1503,39084.0,75,Fri Jan 29 19:47:52 2021 to Fri Jan 29 21:15:34 2021
75,8TsWkuWWXg,"Billie Eilish, ROSAL√çA - Lo Vas A Olvidar (Official Music Video)","Listen to ‚ÄúLo Vas A Olvidar‚Äù, out now: ",True,38300000.0,37876120.0,Billie Eilish,Premiered on 21 Jan 2021,,2076796,87190,111254.0,76,Fri Jan 29 19:47:52 2021 to Fri Jan 29 21:15:34 2021
76,5wTXI9e4NA,Technoblade realizes Ranboo is the main character (Dream SMP),"Ranboo just radiates main character energy...

Techno: ",False,33600.0,2054245.0,Purrpawz,25 Jan 2021,,87254,1309,0,77,Fri Jan 29 19:47:52 2021 to Fri Jan 29 21:15:34 2021
77,jLLZKC_9HhQ,WHAT HAPPENED at UFC 257?! Conor McGregor vs Dustin Poirier 2 Full Fight Recap + Knockout,"For this video, we'll be doing a Conor McGregor vs Dustin Poirier 2 full fight recap for UFC 257, covering all of the highlight moments, including Dustin Poirier's knockout win over Conor McGregor, and Michael Chandler's knockout of Dan Hooker. This marks the first time Conor McGregor has ever been knocked out in his entire MMA career.

‚úîÔ∏é Subscribe: ",True,160000.0,6036735.0,All Things MMA,24 Jan 2021,,26702,15556,0,78,Fri Jan 29 19:47:52 2021 to Fri Jan 29 21:15:34 2021
78,6RYMCWAb5W,Sabrina Carpenter - Skin (Official Lyric Video),Stream: ,True,5090000.0,8718461.0,Sabrina Carpenter,22 Jan 2021,,444471,76870,0,79,Fri Jan 29 19:47:52 2021 to Fri Jan 29 21:15:34 2021
79,xia98RfDzG,TommyInnit - Laser Eye Mod EXCLUSIVE Hilarious Moments,"Today TommyInnit, Wilbur Soot, Philza & Slimecicle have lots of fun with the Laser Eye Mod in Minecraft. It was properly mental.

STREAMING ON THE DREAM SMP - ",True,2000000.0,1515326.0,TommyOutit,25 Jan 2021,,157175,1168,0,80,Fri Jan 29 19:47:52 2021 to Fri Jan 29 21:15:34 2021
